{
  "id": "2409856",
  "name": "熊管家",
  "font_family": "iconfont",
  "css_prefix_text": "icon-",
  "description": "",
  "glyphs": [
    {
      "icon_id": "435977",
      "name": "微博",
      "font_class": "weibo",
      "unicode": "e7e4",
      "unicode_decimal": 59364
    },
    {
      "icon_id": "650793",
      "name": "生活－大众点评",
      "font_class": "shenghuodazhongdianping",
      "unicode": "e642",
      "unicode_decimal": 58946
    },
    {
      "icon_id": "1037688",
      "name": "微信",
      "font_class": "weixin",
      "unicode": "e61a",
      "unicode_decimal": 58906
    },
    {
      "icon_id": "11239058",
      "name": "微信",
      "font_class": "weixin1",
      "unicode": "e647",
      "unicode_decimal": 58951
    },
    {
      "icon_id": "18166694",
      "name": "抖音",
      "font_class": "douyin",
      "unicode": "e8db",
      "unicode_decimal": 59611
    }
  ]
}
